country_code,country_label,selection,rank,risk1,risk2
752,"Sweden",2,1,7.083601,5.586017
246,"Finland",2,2,6.673717,5.738445
578,"Norway",2,3,8.114425,6.047329
380,"Italy",2,4,8.165558,6.499616
724,"Spain",2,5,8.10745,6.82594
826,"UK",2,6,8.564122,6.872007
40,"Austria",2,7,8.08238,7.108719
276,"Germany",2,8,8.835213,7.403488
208,"Denmark",2,9,10.70059,7.654242
250,"France",2,10,9.389569,8.067493
528,"Netherlands",2,11,9.387392,8.072394
