country_label,country_code,hdi,risk2000,risk2015,rank
"India",356,1,5.575691,5.497887,1
"Morocco",504,1,5.881048,5.723426,2
"Philippines",608,1,7.619589,6.396047,3
"South Africa",710,1,9.165247,7.641112,4
"Uganda",800,1,13.87437,10.9917,5
"Sweden",752,2,7.083601,5.482582,1
"Brazil",76,2,7.948346,6.681332,2
"USA",840,2,8.671896,6.823491,3
"China",160,2,9.343917,7.156202,4
"Russian Federation",643,2,13.04958,11.01109,5
