country_code,country_label,selection,rank,risk1,risk2
860,"Uzbekistan",2,1,5.080994,4.461325
762,"Taijikistan",2,2,7.139535,5.621235
417,"Kyrgyzstan",2,3,6.961938,6.39255
795,"Turkmenistan",2,4,10.06267,7.760419
31,"Azerbaijan",2,5,8.620054,8.007944
112,"Belarus",2,6,11.20926,9.035244
398,"Kazakhstan",2,7,13.92336,9.290615
498,"Republic of Moldava",2,8,9.272471,9.576968
804,"Ukraine",2,9,12.14948,10.00702
643,"Russian Federation",2,10,13.04958,11.36525
51,"Armenia",2,11,14.17223,13.68074
