country_label,country_code,hdi,risk2000,risk2015,rank
"Japan",392,2,7.277167,5.593379,1
"Norway",578,2,8.114425,6.011374,2
"Australia",36,2,7.606865,5.960216,3
"Chile",152,2,7.50927,6.568558,4
"Italy",380,2,8.165558,6.393223,5
"New Zealand",554,2,8.507897,6.280957,6
"USA",840,2,8.671896,6.823491,7
"UK",826,2,8.564122,6.751808,8
"France",250,2,9.389569,7.866252,9
"Slovakia",703,2,11.78645,9.819087,10
