country_label,country_code,hdi,risk2000,risk2015,rank
"Yemen",887,1,4.695965,5.024651,1
"India",356,1,5.575691,5.497887,2
"Egypt",818,1,6.923254,7.477186,3
"South Africa",710,1,9.165247,7.641112,4
"Uganda",800,1,13.87437,10.9917,5
"Sweden",752,2,7.083601,5.482582,1
"Brazil",76,2,7.948346,6.681332,2
"USA",840,2,8.671896,6.823491,3
"China",160,2,9.343917,7.156202,4
"Russian Federation",643,2,13.04958,11.01109,5
