country_label,country_code,hdi,risk2000,risk2015,rank
"Mexico",484,1,5.235376,4.516749,1
"Uzbekistan",860,1,5.080994,4.557364,2
"Mauritius",480,1,4.331121,5.122873,3
"Costa Rica",188,1,5.665166,5.53229,4
"Philippines",608,1,7.619589,6.396047,5
"Brazil",76,1,7.948346,6.681332,6
"Colombia",170,1,7.790525,7.125666,7
"Kazakhstan",398,1,13.92336,8.924286,8
"Bulgaria",100,1,8.716118,9.297938,9
"Ukraine",804,1,12.14948,9.455044,10
