country_code,country_label,selection,rank,risk1,risk2
860,"Узбекистан",1,1,5.080994,4.461325
762,"Таджикистан",1,2,7.139535,5.621235
417,"Киргизия",1,3,6.961938,6.39255
795,"Туркменистан",1,4,10.06267,7.760419
31,"Азербайджан",1,5,8.620054,8.007944
112,"Беларусь",1,6,11.20926,9.035244
398,"Казахстан",1,7,13.92336,9.290615
498,"Молдова",1,8,9.272471,9.576968
804,"Украина",1,9,12.14948,10.00702
643,"Российская Федерация",1,10,13.04958,11.36525
51,"Армения",1,11,14.17223,13.68074
