country_code,country_label,selection,rank,risk1,risk2
752,"Швеция",2,1,7.083601,5.586017
246,"Финляндия",2,2,6.673717,5.738445
578,"Норвегия",2,3,8.114425,6.047329
380,"Италия",2,4,8.165558,6.499616
724,"Испания",2,5,8.10745,6.82594
826,"Великобритания",2,6,8.564122,6.872007
40,"Австрия",2,7,8.08238,7.108719
276,"Германия",2,8,8.835213,7.403488
208,"Дания",2,9,10.70059,7.654242
250,"Франция",2,10,9.389569,8.067493
528,"Нидерланды",2,11,9.387392,8.072394
